State_Name,Y2010,Y2011,Y2012,Y2013,Y2014,Y2015,Y2016,Y2017,Y2018,Y2019,Y2020,Code,Item
Alabama,5003,4426,4767,4671,4990,5044,4818,5189,5350,5649,5731,1,Medicaid/Personal Health Care (Millions of Dollars)
Alaska,1101,1230,1303,1267,1338,1456,1860,1959,2007,2127,1942,1,Medicaid/Personal Health Care (Millions of Dollars)
Arizona,7915,7171,7090,7340,8374,9022,9455,10356,10419,11464,12760,1,Medicaid/Personal Health Care (Millions of Dollars)
Arkansas,3732,3819,3924,4042,4957,5193,5709,5886,6191,6111,6116,1,Medicaid/Personal Health Care (Millions of Dollars)
California,41797,44669,50882,55223,60472,74700,77965,72559,73641,78339,87062,1,Medicaid/Personal Health Care (Millions of Dollars)
Colorado,3955,4202,4591,4937,6047,7178,7408,7908,9096,9255,9176,1,Medicaid/Personal Health Care (Millions of Dollars)
Connecticut,5551,5695,6585,6520,7087,7393,7600,7793,8286,8172,8344,1,Medicaid/Personal Health Care (Millions of Dollars)
Delaware,1168,1277,1448,1448,1522,1586,1658,1887,1901,1994,2057,1,Medicaid/Personal Health Care (Millions of Dollars)
District of Columbia,1775,2007,1932,2061,2178,2375,2560,2618,2588,2724,2958,1,Medicaid/Personal Health Care (Millions of Dollars)
Florida,15908,16160,16575,16885,18309,17454,18261,19322,19707,19948,21532,1,Medicaid/Personal Health Care (Millions of Dollars)
Georgia,7250,7578,7796,8135,8776,8781,8981,9450,9892,9951,10098,1,Medicaid/Personal Health Care (Millions of Dollars)
Hawaii,1330,1383,1238,1427,1719,1715,1884,1929,1853,1903,1987,1,Medicaid/Personal Health Care (Millions of Dollars)
Idaho,1466,1286,1505,1609,1555,1631,1632,1743,1887,2010,2435,1,Medicaid/Personal Health Care (Millions of Dollars)
Illinois,15323,12810,13193,15504,15421,16931,15912,17125,16878,17151,21952,1,Medicaid/Personal Health Care (Millions of Dollars)
Indiana,5892,5762,7709,7187,8884,8715,9548,10175,10456,11586,12872,1,Medicaid/Personal Health Care (Millions of Dollars)
Iowa,2982,3215,3432,3505,3998,4347,4123,3724,4347,4746,4620,1,Medicaid/Personal Health Care (Millions of Dollars)
Kansas,2244,2494,2444,2367,2375,2550,2746,2808,2920,3139,3207,1,Medicaid/Personal Health Care (Millions of Dollars)
Kentucky,5237,5231,5116,5310,7539,8437,8061,8664,8807,9144,10143,1,Medicaid/Personal Health Care (Millions of Dollars)
Louisiana,6491,6341,6626,7043,7093,7554,8313,9555,9815,10435,11087,1,Medicaid/Personal Health Care (Millions of Dollars)
Maine,1983,2281,2309,2504,2358,2406,2432,2574,2663,2879,3105,1,Medicaid/Personal Health Care (Millions of Dollars)
Maryland,6646,6896,6979,7265,8778,8668,9849,10093,10458,10861,11010,1,Medicaid/Personal Health Care (Millions of Dollars)
Massachusetts,11463,11604,12376,12593,13932,15146,15958,15393,16107,15953,16678,1,Medicaid/Personal Health Care (Millions of Dollars)
Michigan,10512,10683,10990,11529,12488,14132,15316,14232,15077,16530,17068,1,Medicaid/Personal Health Care (Millions of Dollars)
Minnesota,7238,7649,8090,8682,9619,9759,10121,11003,11630,11527,12066,1,Medicaid/Personal Health Care (Millions of Dollars)
Mississippi,4111,4182,4249,4409,4577,4643,4831,4702,4686,4836,4854,1,Medicaid/Personal Health Care (Millions of Dollars)
Missouri,7594,7799,8397,8515,8574,9221,9500,9648,9755,10074,10407,1,Medicaid/Personal Health Care (Millions of Dollars)
Montana,985,819,951,994,1060,1141,1439,1758,1771,1849,1960,1,Medicaid/Personal Health Care (Millions of Dollars)
Nebraska,1627,1574,1714,1666,1701,1767,1830,1928,1944,1966,2143,1,Medicaid/Personal Health Care (Millions of Dollars)
Nevada,1401,1431,1726,1626,2343,2874,3084,3282,3475,3821,3649,1,Medicaid/Personal Health Care (Millions of Dollars)
New Hampshire,1296,1123,1142,1194,1317,1508,1812,1898,1924,1843,2026,1,Medicaid/Personal Health Care (Millions of Dollars)
New Jersey,9401,9819,9470,9574,11952,12616,13057,13329,13568,14553,14745,1,Medicaid/Personal Health Care (Millions of Dollars)
New Mexico,3092,2950,2986,3026,3807,4458,4456,4452,4517,4708,5235,1,Medicaid/Personal Health Care (Millions of Dollars)
New York,48053,50494,49180,49413,53356,55915,57227,65188,65272,63980,65501,1,Medicaid/Personal Health Care (Millions of Dollars)
North Carolina,10042,10634,10838,11153,11484,11954,11030,12652,13196,13158,14122,1,Medicaid/Personal Health Care (Millions of Dollars)
North Dakota,674,687,738,778,945,1047,1130,1138,1148,1137,1209,1,Medicaid/Personal Health Care (Millions of Dollars)
Ohio,13929,14387,14550,15888,17927,19456,19784,20658,19967,20927,22629,1,Medicaid/Personal Health Care (Millions of Dollars)
Oklahoma,3930,4033,4568,4625,4810,4689,4559,4646,4707,5025,5195,1,Medicaid/Personal Health Care (Millions of Dollars)
Oregon,3696,3990,4131,4719,6932,7310,7466,7616,8108,8556,8967,1,Medicaid/Personal Health Care (Millions of Dollars)
Pennsylvania,17360,18179,18331,19103,20127,22093,25630,24459,28438,29298,29137,1,Medicaid/Personal Health Care (Millions of Dollars)
Rhode Island,1864,1898,1756,1803,2265,2264,2221,2392,2349,2339,2430,1,Medicaid/Personal Health Care (Millions of Dollars)
South Carolina,4858,4467,4483,4577,5066,5453,5582,5538,5697,5929,6076,1,Medicaid/Personal Health Care (Millions of Dollars)
South Dakota,742,697,720,753,762,775,805,828,838,856,899,1,Medicaid/Personal Health Care (Millions of Dollars)
Tennessee,7402,7114,7670,8006,7677,8315,8116,8028,8470,9688,9110,1,Medicaid/Personal Health Care (Millions of Dollars)
Texas,25176,26412,25371,26942,30007,32533,33979,32891,34210,34969,37935,1,Medicaid/Personal Health Care (Millions of Dollars)
Utah,1602,1715,1830,1971,1924,1942,2123,2188,2218,2629,2993,1,Medicaid/Personal Health Care (Millions of Dollars)
Vermont,1226,1233,1345,1498,1561,1652,1593,1527,1580,1581,1600,1,Medicaid/Personal Health Care (Millions of Dollars)
Virginia,5995,6361,6362,6865,6833,7496,7764,8446,8428,10924,12029,1,Medicaid/Personal Health Care (Millions of Dollars)
Washington,6540,6718,7099,7296,9004,9767,10685,10815,11202,11951,12750,1,Medicaid/Personal Health Care (Millions of Dollars)
West Virginia,2421,2503,2719,2813,3249,3382,3337,3630,3577,3569,3728,1,Medicaid/Personal Health Care (Millions of Dollars)
Wisconsin,6221,6085,6498,6855,7319,7508,7608,7902,8185,8623,8975,1,Medicaid/Personal Health Care (Millions of Dollars)
Wyoming,508,512,532,547,533,555,561,584,576,569,601,1,Medicaid/Personal Health Care (Millions of Dollars)
Alabama,2142,1691,2098,1957,2127,2120,1926,2235,2371,2572,2569,2,Medicaid/Hospital Care (Millions of Dollars)
Alaska,352,436,454,409,439,505,716,764,759,788,736,2,Medicaid/Hospital Care (Millions of Dollars)
Arizona,3254,3030,3158,3308,3549,3692,3913,4377,4302,4756,5176,2,Medicaid/Hospital Care (Millions of Dollars)
Arkansas,1312,1264,1303,1333,1574,1645,1842,1910,2152,2123,2284,2,Medicaid/Hospital Care (Millions of Dollars)
California,16571,18166,20214,22639,23942,31802,31644,26359,28443,29910,31743,2,Medicaid/Hospital Care (Millions of Dollars)
Colorado,1670,1785,1973,2117,2475,3054,2997,3138,3482,3486,3530,2,Medicaid/Hospital Care (Millions of Dollars)
Connecticut,1331,1586,2272,2101,2249,2108,2200,2412,2718,2536,3049,2,Medicaid/Hospital Care (Millions of Dollars)
Delaware,378,425,523,490,552,566,583,695,695,721,736,2,Medicaid/Hospital Care (Millions of Dollars)
District of Columbia,680,757,744,733,780,806,866,903,861,894,915,2,Medicaid/Hospital Care (Millions of Dollars)
Florida,6801,6849,6809,6992,7881,6697,6588,6947,7220,7483,8532,2,Medicaid/Hospital Care (Millions of Dollars)
Georgia,3191,3469,3262,3660,3643,3767,3710,3920,4551,4168,3985,2,Medicaid/Hospital Care (Millions of Dollars)
Hawaii,521,603,495,632,788,799,877,888,808,852,872,2,Medicaid/Hospital Care (Millions of Dollars)
Idaho,409,440,507,571,535,486,494,559,643,721,924,2,Medicaid/Hospital Care (Millions of Dollars)
Illinois,7759,6010,5772,7568,7189,7898,7278,8014,7319,7720,10378,2,Medicaid/Hospital Care (Millions of Dollars)
Indiana,1833,1611,3132,2137,3056,2583,2707,3079,2902,3502,3968,2,Medicaid/Hospital Care (Millions of Dollars)
Iowa,985,1107,1213,1160,1369,1478,1538,1473,1676,1862,1833,2,Medicaid/Hospital Care (Millions of Dollars)
Kansas,815,957,944,795,756,860,923,916,999,1072,1083,2,Medicaid/Hospital Care (Millions of Dollars)
Kentucky,1948,1995,1617,1654,2844,3255,2963,3166,3319,3348,3853,2,Medicaid/Hospital Care (Millions of Dollars)
Louisiana,2626,2649,2647,3260,2962,3296,3570,4165,4344,4463,4892,2,Medicaid/Hospital Care (Millions of Dollars)
Maine,541,782,731,923,720,739,712,820,816,867,1004,2,Medicaid/Hospital Care (Millions of Dollars)
Maryland,2705,2711,2721,2831,3776,3397,4062,4013,4159,4188,4342,2,Medicaid/Hospital Care (Millions of Dollars)
Massachusetts,4299,4206,4641,4066,4807,5219,5617,5320,5614,5430,5793,2,Medicaid/Hospital Care (Millions of Dollars)
Michigan,4836,4649,4629,4551,4984,5800,6411,5706,5985,6783,6866,2,Medicaid/Hospital Care (Millions of Dollars)
Minnesota,2230,2257,2516,2684,3013,2928,2968,3213,3434,3200,3299,2,Medicaid/Hospital Care (Millions of Dollars)
Mississippi,2010,2008,2063,2243,2312,2331,2335,2190,2165,2226,2219,2,Medicaid/Hospital Care (Millions of Dollars)
Missouri,3830,3816,4126,4054,3987,4257,4326,4265,4404,4396,4727,2,Medicaid/Hospital Care (Millions of Dollars)
Montana,440,286,375,392,416,429,588,783,795,827,932,2,Medicaid/Hospital Care (Millions of Dollars)
Nebraska,564,517,589,562,612,610,617,698,654,662,714,2,Medicaid/Hospital Care (Millions of Dollars)
Nevada,562,569,821,700,931,1072,1146,1173,1178,1327,1196,2,Medicaid/Hospital Care (Millions of Dollars)
New Hampshire,421,251,261,279,315,376,627,651,673,595,696,2,Medicaid/Hospital Care (Millions of Dollars)
New Jersey,3445,3546,3803,3739,4609,5178,5348,5393,5339,5757,5750,2,Medicaid/Hospital Care (Millions of Dollars)
New Mexico,1622,1490,1368,1256,1817,2222,2207,2223,2201,2279,2461,2,Medicaid/Hospital Care (Millions of Dollars)
New York,17474,18081,17565,17711,18568,18569,17921,22494,21432,21094,21375,2,Medicaid/Hospital Care (Millions of Dollars)
North Carolina,3306,3986,4261,4879,4605,4961,4373,5410,5987,5520,5721,2,Medicaid/Hospital Care (Millions of Dollars)
North Dakota,230,227,264,277,358,398,430,453,468,450,450,2,Medicaid/Hospital Care (Millions of Dollars)
Ohio,5150,5252,5175,5683,6008,6177,6175,6646,5682,6644,6963,2,Medicaid/Hospital Care (Millions of Dollars)
Oklahoma,1451,1476,1919,1838,1964,1924,1905,1907,1951,2013,2118,2,Medicaid/Hospital Care (Millions of Dollars)
Oregon,1226,1287,1530,1466,2507,2795,2766,2838,2905,3022,3035,2,Medicaid/Hospital Care (Millions of Dollars)
Pennsylvania,5916,6774,6528,7043,7746,8831,10748,9050,11242,12801,13597,2,Medicaid/Hospital Care (Millions of Dollars)
Rhode Island,742,795,664,688,1001,963,993,1106,1005,997,968,2,Medicaid/Hospital Care (Millions of Dollars)
South Carolina,2057,1845,1757,1852,2067,2178,2194,2224,2305,2371,2417,2,Medicaid/Hospital Care (Millions of Dollars)
South Dakota,273,239,251,267,267,276,302,313,319,322,338,2,Medicaid/Hospital Care (Millions of Dollars)
Tennessee,3250,3041,3343,3443,3118,3479,3352,3137,3162,3779,3608,2,Medicaid/Hospital Care (Millions of Dollars)
Texas,10481,10654,10328,10974,12345,12820,13318,12525,12688,13074,14848,2,Medicaid/Hospital Care (Millions of Dollars)
Utah,683,755,843,804,759,719,772,779,756,954,1117,2,Medicaid/Hospital Care (Millions of Dollars)
Vermont,360,363,396,450,466,489,475,456,472,469,476,2,Medicaid/Hospital Care (Millions of Dollars)
Virginia,2100,2207,2142,2157,1926,2180,2191,2596,2558,3777,4059,2,Medicaid/Hospital Care (Millions of Dollars)
Washington,2243,2459,2502,2303,3378,3540,3726,3612,3560,3705,3864,2,Medicaid/Hospital Care (Millions of Dollars)
West Virginia,814,810,954,993,1163,1235,1247,1437,1431,1371,1490,2,Medicaid/Hospital Care (Millions of Dollars)
Wisconsin,2162,2013,2264,2271,2311,2408,2710,2687,2838,2986,3134,2,Medicaid/Hospital Care (Millions of Dollars)
Wyoming,172,166,168,179,176,181,175,192,204,185,200,2,Medicaid/Hospital Care (Millions of Dollars)
Alabama,819,608,597,654,728,720,702,748,729,808,822,3,Medicaid/Physician & Clinical Services (Millions of Dollars)
Alaska,256,310,312,295,325,342,461,496,556,590,550,3,Medicaid/Physician & Clinical Services (Millions of Dollars)
Arizona,1592,1461,1464,1532,1798,1914,1973,2142,2260,2442,2836,3,Medicaid/Physician & Clinical Services (Millions of Dollars)
Arkansas,529,571,558,547,850,952,1113,1196,1343,1581,1576,3,Medicaid/Physician & Clinical Services (Millions of Dollars)
California,5870,5944,5994,6525,8918,10914,11844,10786,10796,11763,11734,3,Medicaid/Physician & Clinical Services (Millions of Dollars)
Colorado,481,540,593,725,1080,1376,1426,1751,2146,2162,2200,3,Medicaid/Physician & Clinical Services (Millions of Dollars)
Connecticut,511,606,629,686,795,786,871,896,907,963,894,3,Medicaid/Physician & Clinical Services (Millions of Dollars)
Delaware,197,217,262,264,272,321,330,332,342,358,364,3,Medicaid/Physician & Clinical Services (Millions of Dollars)
District of Columbia,259,296,320,386,420,482,493,486,495,531,592,3,Medicaid/Physician & Clinical Services (Millions of Dollars)
Florida,2274,2367,2516,2581,3009,2934,2980,2985,3277,3451,3503,3,Medicaid/Physician & Clinical Services (Millions of Dollars)
Georgia,1123,1145,1166,1045,1576,1337,1476,1493,1277,1486,1466,3,Medicaid/Physician & Clinical Services (Millions of Dollars)
Hawaii,237,230,222,274,338,324,360,385,358,352,377,3,Medicaid/Physician & Clinical Services (Millions of Dollars)
Idaho,249,280,239,237,207,222,230,244,236,268,367,3,Medicaid/Physician & Clinical Services (Millions of Dollars)
Illinois,1397,1351,1365,1652,2075,2297,2272,2480,2653,2597,3348,3,Medicaid/Physician & Clinical Services (Millions of Dollars)
Indiana,773,792,956,1021,1130,1170,1465,1516,1645,1791,2073,3,Medicaid/Physician & Clinical Services (Millions of Dollars)
Iowa,299,334,362,415,532,659,623,633,714,791,761,3,Medicaid/Physician & Clinical Services (Millions of Dollars)
Kansas,224,244,267,341,403,417,444,451,470,510,520,3,Medicaid/Physician & Clinical Services (Millions of Dollars)
Kentucky,866,853,1096,1361,1658,1960,1827,2082,1988,2090,2327,3,Medicaid/Physician & Clinical Services (Millions of Dollars)
Louisiana,800,796,747,741,892,963,1219,1503,1625,1733,1936,3,Medicaid/Physician & Clinical Services (Millions of Dollars)
Maine,259,336,441,414,392,389,366,341,324,347,347,3,Medicaid/Physician & Clinical Services (Millions of Dollars)
Maryland,600,605,658,746,945,978,1185,1261,1324,1407,1426,3,Medicaid/Physician & Clinical Services (Millions of Dollars)
Massachusetts,1136,1231,1237,1407,1709,1577,1588,1742,1873,1788,1857,3,Medicaid/Physician & Clinical Services (Millions of Dollars)
Michigan,1528,1680,1738,1969,2383,2808,3132,2941,3121,3404,3348,3,Medicaid/Physician & Clinical Services (Millions of Dollars)
Minnesota,658,774,874,1001,1211,1197,1226,1332,1422,1370,1441,3,Medicaid/Physician & Clinical Services (Millions of Dollars)
Mississippi,400,443,468,438,454,457,578,590,573,606,611,3,Medicaid/Physician & Clinical Services (Millions of Dollars)
Missouri,613,642,720,738,697,715,719,804,972,1031,1103,3,Medicaid/Physician & Clinical Services (Millions of Dollars)
Montana,74,72,72,84,91,99,156,206,228,259,269,3,Medicaid/Physician & Clinical Services (Millions of Dollars)
Nebraska,206,225,240,203,156,161,167,209,209,203,217,3,Medicaid/Physician & Clinical Services (Millions of Dollars)
Nevada,164,169,198,205,406,540,581,591,665,703,697,3,Medicaid/Physician & Clinical Services (Millions of Dollars)
New Hampshire,208,208,117,88,118,172,173,185,180,165,171,3,Medicaid/Physician & Clinical Services (Millions of Dollars)
New Jersey,794,849,901,1035,1591,1783,1911,2137,2271,2412,2521,3,Medicaid/Physician & Clinical Services (Millions of Dollars)
New Mexico,364,405,517,600,588,641,623,603,595,616,741,3,Medicaid/Physician & Clinical Services (Millions of Dollars)
New York,3144,3383,3825,4606,6701,7232,6729,7618,7771,7317,7067,3,Medicaid/Physician & Clinical Services (Millions of Dollars)
North Carolina,1360,1531,1692,1906,2104,2107,1931,2251,2144,2263,2385,3,Medicaid/Physician & Clinical Services (Millions of Dollars)
North Dakota,62,61,64,64,96,126,143,140,133,126,124,3,Medicaid/Physician & Clinical Services (Millions of Dollars)
Ohio,1046,1263,1169,1467,2220,2548,2540,2698,2944,3118,3566,3,Medicaid/Physician & Clinical Services (Millions of Dollars)
Oklahoma,817,910,979,1023,1016,938,882,928,939,1013,1019,3,Medicaid/Physician & Clinical Services (Millions of Dollars)
Oregon,466,559,482,551,837,872,876,906,1126,1118,1168,3,Medicaid/Physician & Clinical Services (Millions of Dollars)
Pennsylvania,1966,1815,1864,1909,1654,1938,2344,1965,2504,2645,2883,3,Medicaid/Physician & Clinical Services (Millions of Dollars)
Rhode Island,100,95,98,96,190,194,211,240,226,229,230,3,Medicaid/Physician & Clinical Services (Millions of Dollars)
South Carolina,923,745,785,793,869,947,890,821,815,884,840,3,Medicaid/Physician & Clinical Services (Millions of Dollars)
South Dakota,142,139,151,163,163,155,156,151,137,127,125,3,Medicaid/Physician & Clinical Services (Millions of Dollars)
Tennessee,1472,1581,1726,1912,1776,1853,1865,1853,2029,2437,2185,3,Medicaid/Physician & Clinical Services (Millions of Dollars)
Texas,2513,2914,2795,2998,3896,4072,4241,3846,4098,4576,4847,3,Medicaid/Physician & Clinical Services (Millions of Dollars)
Utah,259,242,248,366,360,342,365,367,371,453,511,3,Medicaid/Physician & Clinical Services (Millions of Dollars)
Vermont,186,188,205,233,241,253,246,236,245,243,245,3,Medicaid/Physician & Clinical Services (Millions of Dollars)
Virginia,641,656,660,767,821,896,923,1054,1138,1714,1987,3,Medicaid/Physician & Clinical Services (Millions of Dollars)
Washington,1019,1117,1189,1267,1781,1900,2143,2168,2018,2341,2364,3,Medicaid/Physician & Clinical Services (Millions of Dollars)
West Virginia,253,267,263,311,463,483,464,470,431,429,439,3,Medicaid/Physician & Clinical Services (Millions of Dollars)
Wisconsin,1181,1185,1208,1162,1448,1525,1518,1561,1607,1729,1711,3,Medicaid/Physician & Clinical Services (Millions of Dollars)
Wyoming,93,88,73,91,88,83,84,94,77,75,76,3,Medicaid/Physician & Clinical Services (Millions of Dollars)
Alabama,54,39,40,53,58,64,73,80,86,94,101,4,Medicaid/Other Professional Services (Millions of Dollars)
Alaska,17,18,21,19,22,26,36,38,39,38,34,4,Medicaid/Other Professional Services (Millions of Dollars)
Arizona,229,225,197,200,250,285,317,334,345,384,425,4,Medicaid/Other Professional Services (Millions of Dollars)
Arkansas,44,48,51,55,79,91,109,113,122,138,133,4,Medicaid/Other Professional Services (Millions of Dollars)
California,89,80,75,172,254,414,481,427,401,430,393,4,Medicaid/Other Professional Services (Millions of Dollars)
Connecticut,187,124,104,112,147,186,196,207,234,253,245,4,Medicaid/Other Professional Services (Millions of Dollars)
Delaware,10,12,13,15,15,18,21,24,24,25,23,4,Medicaid/Other Professional Services (Millions of Dollars)
District of Columbia,5,5,5,5,6,7,7,8,8,8,8,4,Medicaid/Other Professional Services (Millions of Dollars)
Florida,121,170,149,178,175,219,260,260,257,242,246,4,Medicaid/Other Professional Services (Millions of Dollars)
Georgia,81,80,85,85,87,89,105,106,89,102,109,4,Medicaid/Other Professional Services (Millions of Dollars)
Hawaii,31,27,22,23,29,32,35,37,36,36,38,4,Medicaid/Other Professional Services (Millions of Dollars)
Idaho,37,22,12,11,20,24,26,27,33,36,48,4,Medicaid/Other Professional Services (Millions of Dollars)
Illinois,203,152,148,157,213,231,254,285,296,313,270,4,Medicaid/Other Professional Services (Millions of Dollars)
Indiana,63,60,94,72,98,159,195,206,230,243,255,4,Medicaid/Other Professional Services (Millions of Dollars)
Iowa,83,103,76,38,56,67,91,100,122,138,135,4,Medicaid/Other Professional Services (Millions of Dollars)
Kansas,9,9,12,11,14,15,15,15,15,17,17,4,Medicaid/Other Professional Services (Millions of Dollars)
Kentucky,55,43,14,16,41,49,51,58,57,60,75,4,Medicaid/Other Professional Services (Millions of Dollars)
Maine,53,60,65,63,59,62,67,68,70,77,117,4,Medicaid/Other Professional Services (Millions of Dollars)
Maryland,103,125,76,85,97,103,116,133,159,192,184,4,Medicaid/Other Professional Services (Millions of Dollars)
Massachusetts,48,56,37,35,48,53,59,61,70,76,78,4,Medicaid/Other Professional Services (Millions of Dollars)
Michigan,64,68,59,75,95,112,126,118,147,149,148,4,Medicaid/Other Professional Services (Millions of Dollars)
Minnesota,337,420,399,407,460,476,390,394,409,404,387,4,Medicaid/Other Professional Services (Millions of Dollars)
Mississippi,29,39,43,46,55,66,84,78,81,89,87,4,Medicaid/Other Professional Services (Millions of Dollars)
Missouri,21,40,43,47,50,54,59,60,62,60,55,4,Medicaid/Other Professional Services (Millions of Dollars)
Montana,19,19,20,22,24,28,43,56,64,68,68,4,Medicaid/Other Professional Services (Millions of Dollars)
Nebraska,9,19,19,15,16,17,18,20,19,19,23,4,Medicaid/Other Professional Services (Millions of Dollars)
Nevada,36,43,42,36,59,81,94,97,107,104,118,4,Medicaid/Other Professional Services (Millions of Dollars)
New Hampshire,15,14,10,20,24,33,40,41,41,33,40,4,Medicaid/Other Professional Services (Millions of Dollars)
New Jersey,80,70,34,29,35,40,47,50,54,57,62,4,Medicaid/Other Professional Services (Millions of Dollars)
New Mexico,132,119,132,149,177,208,215,207,214,222,255,4,Medicaid/Other Professional Services (Millions of Dollars)
New York,296,385,413,457,493,506,516,658,661,635,571,4,Medicaid/Other Professional Services (Millions of Dollars)
North Carolina,72,71,69,107,138,125,148,206,246,277,269,4,Medicaid/Other Professional Services (Millions of Dollars)
North Dakota,6,6,7,9,16,21,31,28,30,32,32,4,Medicaid/Other Professional Services (Millions of Dollars)
Ohio,249,185,145,173,236,272,281,291,304,320,369,4,Medicaid/Other Professional Services (Millions of Dollars)
Oklahoma,33,34,37,43,46,42,36,33,33,36,39,4,Medicaid/Other Professional Services (Millions of Dollars)
Oregon,63,80,94,113,291,279,289,282,323,340,383,4,Medicaid/Other Professional Services (Millions of Dollars)
Pennsylvania,262,183,214,261,271,330,413,353,451,467,487,4,Medicaid/Other Professional Services (Millions of Dollars)
Rhode Island,3,4,3,3,6,7,8,8,8,8,9,4,Medicaid/Other Professional Services (Millions of Dollars)
South Carolina,65,61,66,75,92,98,103,107,103,107,116,4,Medicaid/Other Professional Services (Millions of Dollars)
South Dakota,2,2,2,2,2,3,3,3,4,6,5,4,Medicaid/Other Professional Services (Millions of Dollars)
Tennessee,37,38,41,43,42,46,44,45,51,61,54,4,Medicaid/Other Professional Services (Millions of Dollars)
Texas,1179,1155,1132,1069,1050,1205,1121,902,805,832,873,4,Medicaid/Other Professional Services (Millions of Dollars)
Utah,8,8,9,11,14,14,16,15,16,21,25,4,Medicaid/Other Professional Services (Millions of Dollars)
Vermont,38,38,42,48,49,52,51,48,50,50,50,4,Medicaid/Other Professional Services (Millions of Dollars)
Virginia,59,69,81,117,113,125,139,150,174,233,263,4,Medicaid/Other Professional Services (Millions of Dollars)
Washington,48,51,101,83,98,106,113,100,103,117,103,4,Medicaid/Other Professional Services (Millions of Dollars)
West Virginia,22,22,25,27,40,46,46,45,44,45,48,4,Medicaid/Other Professional Services (Millions of Dollars)
Wisconsin,248,78,159,159,153,164,156,160,174,186,191,4,Medicaid/Other Professional Services (Millions of Dollars)
Wyoming,7,9,31,17,18,26,28,24,21,20,19,4,Medicaid/Other Professional Services (Millions of Dollars)
Alabama,102,86,85,85,86,86,81,77,73,71,61,5,Medicaid/Dental Services (Millions of Dollars)
Alaska,47,54,63,61,69,74,98,101,96,95,72,5,Medicaid/Dental Services (Millions of Dollars)
Arizona,240,226,198,201,249,284,310,334,340,369,362,5,Medicaid/Dental Services (Millions of Dollars)
Arkansas,69,74,80,78,117,136,154,166,176,207,212,5,Medicaid/Dental Services (Millions of Dollars)
California,1054,1047,1078,1026,1127,1704,1825,1714,1765,1750,1687,5,Medicaid/Dental Services (Millions of Dollars)
Colorado,116,126,124,147,203,252,264,323,378,388,347,5,Medicaid/Dental Services (Millions of Dollars)
Connecticut,138,154,154,156,174,181,178,164,156,155,119,5,Medicaid/Dental Services (Millions of Dollars)
Delaware,33,36,38,39,41,46,50,52,49,54,50,5,Medicaid/Dental Services (Millions of Dollars)
District of Columbia,27,33,39,56,39,39,41,42,42,39,36,5,Medicaid/Dental Services (Millions of Dollars)
Florida,214,250,361,361,295,265,270,272,275,332,389,5,Medicaid/Dental Services (Millions of Dollars)
Georgia,166,163,171,168,183,186,209,210,161,187,191,5,Medicaid/Dental Services (Millions of Dollars)
Hawaii,66,66,69,63,67,73,77,72,81,78,66,5,Medicaid/Dental Services (Millions of Dollars)
Idaho,27,38,26,48,39,45,51,50,54,62,76,5,Medicaid/Dental Services (Millions of Dollars)
Illinois,192,172,201,193,257,266,271,296,313,317,314,5,Medicaid/Dental Services (Millions of Dollars)
Indiana,229,214,246,239,262,281,296,261,275,311,313,5,Medicaid/Dental Services (Millions of Dollars)
Iowa,68,71,75,79,91,98,125,140,145,159,151,5,Medicaid/Dental Services (Millions of Dollars)
Kansas,58,67,74,91,55,60,66,67,70,76,79,5,Medicaid/Dental Services (Millions of Dollars)
Kentucky,102,93,107,75,144,173,169,190,183,189,198,5,Medicaid/Dental Services (Millions of Dollars)
Louisiana,121,119,144,148,179,238,251,323,336,369,344,5,Medicaid/Dental Services (Millions of Dollars)
Maine,30,33,35,33,29,28,28,25,25,23,18,5,Medicaid/Dental Services (Millions of Dollars)
Maryland,106,124,119,128,131,135,136,149,151,157,125,5,Medicaid/Dental Services (Millions of Dollars)
Massachusetts,366,368,310,361,412,442,510,499,492,496,442,5,Medicaid/Dental Services (Millions of Dollars)
Michigan,230,287,274,311,387,445,440,416,487,540,545,5,Medicaid/Dental Services (Millions of Dollars)
Minnesota,99,110,111,132,189,192,187,202,200,191,197,5,Medicaid/Dental Services (Millions of Dollars)
Mississippi,9,18,17,25,28,46,67,61,59,65,68,5,Medicaid/Dental Services (Millions of Dollars)
Missouri,83,84,85,84,78,88,103,126,145,136,146,5,Medicaid/Dental Services (Millions of Dollars)
Montana,21,21,23,26,30,33,50,62,57,60,56,5,Medicaid/Dental Services (Millions of Dollars)
Nebraska,40,45,54,67,74,80,84,78,80,75,82,5,Medicaid/Dental Services (Millions of Dollars)
Nevada,32,33,40,40,64,86,91,97,101,94,87,5,Medicaid/Dental Services (Millions of Dollars)
New Hampshire,22,22,21,20,56,76,94,98,96,81,69,5,Medicaid/Dental Services (Millions of Dollars)
New Jersey,68,87,102,102,211,265,299,358,374,382,319,5,Medicaid/Dental Services (Millions of Dollars)
New Mexico,63,74,84,93,108,129,131,126,126,130,156,5,Medicaid/Dental Services (Millions of Dollars)
New York,537,547,575,556,664,681,706,724,715,695,640,5,Medicaid/Dental Services (Millions of Dollars)
North Carolina,331,338,347,420,424,439,411,475,437,481,426,5,Medicaid/Dental Services (Millions of Dollars)
North Dakota,10,11,11,11,12,11,14,14,14,13,12,5,Medicaid/Dental Services (Millions of Dollars)
Ohio,160,191,247,273,370,445,465,501,516,544,482,5,Medicaid/Dental Services (Millions of Dollars)
Oklahoma,131,124,125,122,113,101,89,95,94,99,92,5,Medicaid/Dental Services (Millions of Dollars)
Oregon,62,72,79,88,149,173,177,172,194,207,232,5,Medicaid/Dental Services (Millions of Dollars)
Pennsylvania,493,352,326,225,283,348,427,363,461,530,570,5,Medicaid/Dental Services (Millions of Dollars)
Rhode Island,34,33,26,24,45,47,49,55,49,49,52,5,Medicaid/Dental Services (Millions of Dollars)
South Carolina,161,149,155,162,215,250,268,276,280,284,282,5,Medicaid/Dental Services (Millions of Dollars)
South Dakota,15,15,15,14,16,19,19,20,23,22,18,5,Medicaid/Dental Services (Millions of Dollars)
Tennessee,171,178,170,160,236,270,261,282,288,308,262,5,Medicaid/Dental Services (Millions of Dollars)
Texas,1313,1413,1117,1155,975,1019,1039,1112,1210,1285,1158,5,Medicaid/Dental Services (Millions of Dollars)
Utah,49,53,57,92,59,83,98,100,102,97,117,5,Medicaid/Dental Services (Millions of Dollars)
Vermont,33,34,37,42,43,46,45,43,44,44,45,5,Medicaid/Dental Services (Millions of Dollars)
Virginia,127,133,135,138,126,150,159,160,175,233,218,5,Medicaid/Dental Services (Millions of Dollars)
Washington,281,213,239,272,376,419,459,469,450,434,411,5,Medicaid/Dental Services (Millions of Dollars)
West Virginia,77,73,71,80,45,41,45,49,47,46,45,5,Medicaid/Dental Services (Millions of Dollars)
Wisconsin,155,119,139,135,132,142,135,146,173,197,186,5,Medicaid/Dental Services (Millions of Dollars)
Wyoming,13,12,13,14,14,15,16,12,11,12,11,5,Medicaid/Dental Services (Millions of Dollars)
Alabama,135,104,113,115,114,130,142,142,146,163,160,6,Medicaid/Home Health Care (Millions of Dollars)
Alaska,31,49,60,63,65,68,61,55,45,28,25,6,Medicaid/Home Health Care (Millions of Dollars)
Arizona,73,70,61,62,75,81,88,95,98,107,134,6,Medicaid/Home Health Care (Millions of Dollars)
Arkansas,117,137,151,151,228,275,307,320,347,374,422,6,Medicaid/Home Health Care (Millions of Dollars)
California,5610,5946,5603,5507,5465,6034,6147,6460,6845,7346,8357,6,Medicaid/Home Health Care (Millions of Dollars)
Colorado,245,268,273,309,515,592,666,681,744,804,860,6,Medicaid/Home Health Care (Millions of Dollars)
Connecticut,374,424,312,297,314,362,336,304,294,296,296,6,Medicaid/Home Health Care (Millions of Dollars)
Delaware,70,80,86,95,98,97,105,119,122,128,129,6,Medicaid/Home Health Care (Millions of Dollars)
District of Columbia,190,237,225,242,265,283,298,282,282,291,313,6,Medicaid/Home Health Care (Millions of Dollars)
Florida,688,722,792,790,689,621,684,723,722,742,763,6,Medicaid/Home Health Care (Millions of Dollars)
Georgia,317,309,275,214,232,249,273,288,264,303,437,6,Medicaid/Home Health Care (Millions of Dollars)
Hawaii,11,10,11,12,15,15,17,18,18,18,19,6,Medicaid/Home Health Care (Millions of Dollars)
Idaho,29,33,114,81,73,73,66,72,80,77,79,6,Medicaid/Home Health Care (Millions of Dollars)
Illinois,133,71,144,162,232,380,417,502,451,474,730,6,Medicaid/Home Health Care (Millions of Dollars)
Indiana,251,308,358,378,441,455,584,631,672,702,817,6,Medicaid/Home Health Care (Millions of Dollars)
Iowa,93,97,126,156,184,194,182,172,207,228,224,6,Medicaid/Home Health Care (Millions of Dollars)
Kansas,67,57,57,61,69,74,81,84,88,95,98,6,Medicaid/Home Health Care (Millions of Dollars)
Kentucky,133,128,191,212,238,284,216,237,230,244,287,6,Medicaid/Home Health Care (Millions of Dollars)
Louisiana,303,266,351,423,494,527,615,734,741,819,899,6,Medicaid/Home Health Care (Millions of Dollars)
Maine,54,82,84,88,95,91,91,102,113,125,151,6,Medicaid/Home Health Care (Millions of Dollars)
Maryland,223,294,298,321,393,364,415,442,482,513,559,6,Medicaid/Home Health Care (Millions of Dollars)
Massachusetts,1292,1453,1581,1859,1999,2340,2443,2451,2377,2467,2388,6,Medicaid/Home Health Care (Millions of Dollars)
Michigan,1014,927,845,1023,1189,1349,1443,1406,1500,1667,1775,6,Medicaid/Home Health Care (Millions of Dollars)
Minnesota,835,969,1044,1147,1152,1205,1277,1354,1433,1480,1580,6,Medicaid/Home Health Care (Millions of Dollars)
Mississippi,37,34,40,45,52,66,93,94,100,103,103,6,Medicaid/Home Health Care (Millions of Dollars)
Missouri,467,531,574,623,659,761,848,955,950,975,1027,6,Medicaid/Home Health Care (Millions of Dollars)
Montana,43,43,45,45,29,21,23,27,23,25,28,6,Medicaid/Home Health Care (Millions of Dollars)
Nebraska,29,31,35,43,53,62,65,79,76,75,81,6,Medicaid/Home Health Care (Millions of Dollars)
Nevada,118,125,133,136,206,275,282,301,343,358,362,6,Medicaid/Home Health Care (Millions of Dollars)
New Hampshire,15,18,22,21,35,47,51,53,52,42,52,6,Medicaid/Home Health Care (Millions of Dollars)
New Jersey,641,631,417,461,613,709,628,665,713,719,762,6,Medicaid/Home Health Care (Millions of Dollars)
New Mexico,111,116,124,134,186,223,212,188,185,192,231,6,Medicaid/Home Health Care (Millions of Dollars)
New York,5475,5808,6268,5805,5489,5490,5532,5384,5606,5929,5669,6,Medicaid/Home Health Care (Millions of Dollars)
North Carolina,557,449,532,721,718,748,683,799,842,858,974,6,Medicaid/Home Health Care (Millions of Dollars)
North Dakota,8,8,10,12,16,17,23,26,27,33,34,6,Medicaid/Home Health Care (Millions of Dollars)
Ohio,800,1059,1134,1160,1304,1326,1366,1459,1496,1564,1791,6,Medicaid/Home Health Care (Millions of Dollars)
Oklahoma,36,35,34,35,32,31,30,30,33,36,41,6,Medicaid/Home Health Care (Millions of Dollars)
Oregon,87,75,157,197,254,249,279,277,307,334,364,6,Medicaid/Home Health Care (Millions of Dollars)
Pennsylvania,717,576,646,673,575,705,868,751,956,1079,1153,6,Medicaid/Home Health Care (Millions of Dollars)
Rhode Island,63,71,57,61,93,90,95,106,99,120,129,6,Medicaid/Home Health Care (Millions of Dollars)
South Carolina,92,95,100,114,136,144,161,175,184,194,215,6,Medicaid/Home Health Care (Millions of Dollars)
South Dakota,10,10,10,10,12,14,15,17,24,26,30,6,Medicaid/Home Health Care (Millions of Dollars)
Tennessee,275,57,62,65,64,70,67,70,78,93,85,6,Medicaid/Home Health Care (Millions of Dollars)
Texas,2180,2291,1979,1950,2116,2291,2454,2426,2593,2738,3152,6,Medicaid/Home Health Care (Millions of Dollars)
Utah,35,37,43,61,70,71,85,86,86,96,117,6,Medicaid/Home Health Care (Millions of Dollars)
Vermont,48,49,53,61,63,66,64,62,64,63,65,6,Medicaid/Home Health Care (Millions of Dollars)
Virginia,79,89,87,124,129,147,162,183,197,254,310,6,Medicaid/Home Health Care (Millions of Dollars)
Washington,540,570,591,629,722,735,665,639,616,680,694,6,Medicaid/Home Health Care (Millions of Dollars)
West Virginia,115,131,148,168,176,197,217,237,233,225,247,6,Medicaid/Home Health Care (Millions of Dollars)
Wisconsin,544,545,582,669,666,753,719,810,863,827,961,6,Medicaid/Home Health Care (Millions of Dollars)
Wyoming,8,8,8,9,9,11,15,12,8,9,9,6,Medicaid/Home Health Care (Millions of Dollars)
Alabama,304,302,280,282,306,292,266,324,363,307,330,7,Medicaid/Prescription Drugs and Other Non-durable Medical Products (Millions of Dollars)
Alaska,36,35,29,41,33,35,56,54,58,62,63,7,Medicaid/Prescription Drugs and Other Non-durable Medical Products (Millions of Dollars)
Arizona,557,485,462,458,535,588,685,664,713,719,827,7,Medicaid/Prescription Drugs and Other Non-durable Medical Products (Millions of Dollars)
Arkansas,179,161,147,168,181,192,169,160,115,80,69,7,Medicaid/Prescription Drugs and Other Non-durable Medical Products (Millions of Dollars)
California,2019,1869,2029,1818,2511,3684,3912,3927,3683,3528,3660,7,Medicaid/Prescription Drugs and Other Non-durable Medical Products (Millions of Dollars)
Colorado,162,184,171,194,362,362,390,360,478,405,339,7,Medicaid/Prescription Drugs and Other Non-durable Medical Products (Millions of Dollars)
Connecticut,329,289,299,326,528,571,525,427,428,510,460,7,Medicaid/Prescription Drugs and Other Non-durable Medical Products (Millions of Dollars)
Delaware,70,85,93,114,113,109,110,125,122,100,117,7,Medicaid/Prescription Drugs and Other Non-durable Medical Products (Millions of Dollars)
District of Columbia,81,71,75,101,121,162,174,170,169,175,189,7,Medicaid/Prescription Drugs and Other Non-durable Medical Products (Millions of Dollars)
Florida,577,643,855,871,983,1174,1361,1390,1349,1267,1307,7,Medicaid/Prescription Drugs and Other Non-durable Medical Products (Millions of Dollars)
Georgia,200,359,389,421,552,566,585,624,546,569,731,7,Medicaid/Prescription Drugs and Other Non-durable Medical Products (Millions of Dollars)
Hawaii,99,106,64,80,122,104,109,99,98,89,137,7,Medicaid/Prescription Drugs and Other Non-durable Medical Products (Millions of Dollars)
Idaho,61,48,47,60,82,80,82,78,74,85,158,7,Medicaid/Prescription Drugs and Other Non-durable Medical Products (Millions of Dollars)
Illinois,1004,949,822,613,758,839,735,897,896,1039,1357,7,Medicaid/Prescription Drugs and Other Non-durable Medical Products (Millions of Dollars)
Indiana,513,441,500,527,684,666,729,751,787,841,971,7,Medicaid/Prescription Drugs and Other Non-durable Medical Products (Millions of Dollars)
Iowa,103,122,121,113,145,187,203,197,257,309,288,7,Medicaid/Prescription Drugs and Other Non-durable Medical Products (Millions of Dollars)
Kansas,143,130,98,102,161,176,207,222,194,207,237,7,Medicaid/Prescription Drugs and Other Non-durable Medical Products (Millions of Dollars)
Kentucky,330,337,288,153,369,419,574,639,746,754,879,7,Medicaid/Prescription Drugs and Other Non-durable Medical Products (Millions of Dollars)
Louisiana,615,633,763,474,589,505,558,640,647,649,586,7,Medicaid/Prescription Drugs and Other Non-durable Medical Products (Millions of Dollars)
Maine,81,59,73,62,73,92,66,81,72,103,102,7,Medicaid/Prescription Drugs and Other Non-durable Medical Products (Millions of Dollars)
Maryland,420,576,491,423,557,521,664,591,624,796,572,7,Medicaid/Prescription Drugs and Other Non-durable Medical Products (Millions of Dollars)
Massachusetts,315,339,384,433,667,735,829,776,689,740,859,7,Medicaid/Prescription Drugs and Other Non-durable Medical Products (Millions of Dollars)
Michigan,276,501,562,611,686,761,924,869,892,844,1017,7,Medicaid/Prescription Drugs and Other Non-durable Medical Products (Millions of Dollars)
Minnesota,323,397,382,365,414,385,411,490,482,465,464,7,Medicaid/Prescription Drugs and Other Non-durable Medical Products (Millions of Dollars)
Mississippi,211,183,179,169,196,245,257,240,229,244,263,7,Medicaid/Prescription Drugs and Other Non-durable Medical Products (Millions of Dollars)
Missouri,599,608,602,630,643,732,612,633,598,560,515,7,Medicaid/Prescription Drugs and Other Non-durable Medical Products (Millions of Dollars)
Montana,34,31,37,33,46,47,74,85,92,88,105,7,Medicaid/Prescription Drugs and Other Non-durable Medical Products (Millions of Dollars)
Nebraska,119,113,118,105,131,124,128,112,98,104,121,7,Medicaid/Prescription Drugs and Other Non-durable Medical Products (Millions of Dollars)
Nevada,74,88,78,82,179,206,234,239,269,269,300,7,Medicaid/Prescription Drugs and Other Non-durable Medical Products (Millions of Dollars)
New Hampshire,35,35,36,29,44,72,67,71,71,77,98,7,Medicaid/Prescription Drugs and Other Non-durable Medical Products (Millions of Dollars)
New Jersey,596,571,497,692,840,739,763,815,730,817,794,7,Medicaid/Prescription Drugs and Other Non-durable Medical Products (Millions of Dollars)
New Mexico,103,128,132,138,228,238,248,230,298,311,347,7,Medicaid/Prescription Drugs and Other Non-durable Medical Products (Millions of Dollars)
New York,3419,2693,2684,2833,3239,3279,3572,3463,4049,4134,4056,7,Medicaid/Prescription Drugs and Other Non-durable Medical Products (Millions of Dollars)
North Carolina,604,590,568,493,640,695,626,601,620,668,742,7,Medicaid/Prescription Drugs and Other Non-durable Medical Products (Millions of Dollars)
North Dakota,32,18,22,23,40,51,40,41,39,27,73,7,Medicaid/Prescription Drugs and Other Non-durable Medical Products (Millions of Dollars)
Ohio,1038,1188,1237,1420,1368,1381,1381,1352,1569,1566,1748,7,Medicaid/Prescription Drugs and Other Non-durable Medical Products (Millions of Dollars)
Oklahoma,244,262,274,283,331,359,337,409,438,471,543,7,Medicaid/Prescription Drugs and Other Non-durable Medical Products (Millions of Dollars)
Oregon,161,204,143,232,391,441,428,461,432,498,514,7,Medicaid/Prescription Drugs and Other Non-durable Medical Products (Millions of Dollars)
Pennsylvania,1103,1303,1497,1537,1308,1344,1758,1546,1670,1733,2076,7,Medicaid/Prescription Drugs and Other Non-durable Medical Products (Millions of Dollars)
Rhode Island,52,49,53,57,65,101,99,93,110,137,166,7,Medicaid/Prescription Drugs and Other Non-durable Medical Products (Millions of Dollars)
South Carolina,218,315,319,340,316,367,384,389,368,356,496,7,Medicaid/Prescription Drugs and Other Non-durable Medical Products (Millions of Dollars)
South Dakota,31,28,26,28,29,31,27,29,30,41,54,7,Medicaid/Prescription Drugs and Other Non-durable Medical Products (Millions of Dollars)
Tennessee,334,333,384,372,414,467,421,437,394,402,474,7,Medicaid/Prescription Drugs and Other Non-durable Medical Products (Millions of Dollars)
Texas,1262,1504,1378,1348,1379,1459,1477,1367,1587,1663,1985,7,Medicaid/Prescription Drugs and Other Non-durable Medical Products (Millions of Dollars)
Utah,125,138,146,121,139,130,125,131,119,161,186,7,Medicaid/Prescription Drugs and Other Non-durable Medical Products (Millions of Dollars)
Vermont,88,85,97,93,107,130,109,101,101,96,97,7,Medicaid/Prescription Drugs and Other Non-durable Medical Products (Millions of Dollars)
Virginia,249,275,260,367,541,639,605,707,775,1374,1728,7,Medicaid/Prescription Drugs and Other Non-durable Medical Products (Millions of Dollars)
Washington,388,391,352,355,438,492,551,524,577,547,552,7,Medicaid/Prescription Drugs and Other Non-durable Medical Products (Millions of Dollars)
West Virginia,201,193,153,129,209,218,206,253,258,228,241,7,Medicaid/Prescription Drugs and Other Non-durable Medical Products (Millions of Dollars)
Wisconsin,288,314,336,425,453,465,456,504,407,492,521,7,Medicaid/Prescription Drugs and Other Non-durable Medical Products (Millions of Dollars)
Wyoming,20,19,18,19,19,24,16,18,23,25,28,7,Medicaid/Prescription Drugs and Other Non-durable Medical Products (Millions of Dollars)
Alabama,37,38,42,41,42,45,47,48,49,51,52,8,Medicaid/Durable Medical Products (Millions of Dollars)
Alaska,22,25,27,26,28,28,29,30,31,32,33,8,Medicaid/Durable Medical Products (Millions of Dollars)
Arizona,192,194,181,184,228,252,269,285,292,312,340,8,Medicaid/Durable Medical Products (Millions of Dollars)
Arkansas,62,43,43,44,51,54,56,58,60,61,63,8,Medicaid/Durable Medical Products (Millions of Dollars)
California,479,552,569,632,688,879,907,933,961,989,1010,8,Medicaid/Durable Medical Products (Millions of Dollars)
Colorado,88,88,90,97,119,142,147,151,156,160,164,8,Medicaid/Durable Medical Products (Millions of Dollars)
Connecticut,39,46,51,49,53,57,58,60,62,64,65,8,Medicaid/Durable Medical Products (Millions of Dollars)
Delaware,5,6,6,6,6,7,7,7,7,8,8,8,Medicaid/Durable Medical Products (Millions of Dollars)
District of Columbia,18,19,19,19,20,21,22,23,23,24,24,8,Medicaid/Durable Medical Products (Millions of Dollars)
Florida,274,282,306,353,469,520,575,601,601,622,643,8,Medicaid/Durable Medical Products (Millions of Dollars)
Georgia,68,73,67,71,76,76,79,81,83,86,88,8,Medicaid/Durable Medical Products (Millions of Dollars)
Hawaii,7,7,8,9,11,11,11,11,12,12,12,8,Medicaid/Durable Medical Products (Millions of Dollars)
Idaho,18,18,19,19,22,24,25,26,26,27,28,8,Medicaid/Durable Medical Products (Millions of Dollars)
Illinois,262,279,290,313,300,331,341,351,362,372,380,8,Medicaid/Durable Medical Products (Millions of Dollars)
Indiana,122,117,113,133,133,145,150,154,159,163,167,8,Medicaid/Durable Medical Products (Millions of Dollars)
Iowa,39,59,86,80,96,101,104,108,111,114,116,8,Medicaid/Durable Medical Products (Millions of Dollars)
Kansas,17,18,18,28,34,37,40,41,42,45,46,8,Medicaid/Durable Medical Products (Millions of Dollars)
Kentucky,106,111,113,118,168,188,194,199,205,211,216,8,Medicaid/Durable Medical Products (Millions of Dollars)
Louisiana,103,108,111,118,119,126,130,133,137,142,144,8,Medicaid/Durable Medical Products (Millions of Dollars)
Maine,21,23,24,24,27,29,30,31,32,33,34,8,Medicaid/Durable Medical Products (Millions of Dollars)
Maryland,118,128,159,168,209,205,227,234,243,250,261,8,Medicaid/Durable Medical Products (Millions of Dollars)
Massachusetts,147,167,173,187,176,180,186,191,197,203,207,8,Medicaid/Durable Medical Products (Millions of Dollars)
Michigan,48,51,51,53,58,66,68,70,72,75,76,8,Medicaid/Durable Medical Products (Millions of Dollars)
Minnesota,180,196,189,203,225,228,235,242,250,257,262,8,Medicaid/Durable Medical Products (Millions of Dollars)
Mississippi,13,15,14,22,24,27,28,29,30,31,32,8,Medicaid/Durable Medical Products (Millions of Dollars)
Missouri,99,106,117,122,126,128,133,136,141,145,148,8,Medicaid/Durable Medical Products (Millions of Dollars)
Montana,32,33,35,36,39,42,43,44,46,47,48,8,Medicaid/Durable Medical Products (Millions of Dollars)
Nebraska,40,38,35,37,37,38,39,41,42,43,44,8,Medicaid/Durable Medical Products (Millions of Dollars)
Nevada,30,34,40,41,54,63,67,69,73,75,76,8,Medicaid/Durable Medical Products (Millions of Dollars)
New Hampshire,24,23,24,23,23,24,25,26,27,27,28,8,Medicaid/Durable Medical Products (Millions of Dollars)
New Jersey,68,62,63,66,73,86,88,91,94,97,99,8,Medicaid/Durable Medical Products (Millions of Dollars)
New Mexico,54,41,43,45,61,70,71,70,72,74,84,8,Medicaid/Durable Medical Products (Millions of Dollars)
New York,387,426,445,480,601,677,704,690,705,719,710,8,Medicaid/Durable Medical Products (Millions of Dollars)
North Carolina,293,299,307,289,417,512,529,544,560,577,589,8,Medicaid/Durable Medical Products (Millions of Dollars)
North Dakota,2,3,3,3,3,3,3,3,3,3,3,8,Medicaid/Durable Medical Products (Millions of Dollars)
Ohio,175,172,192,210,237,257,266,274,282,290,296,8,Medicaid/Durable Medical Products (Millions of Dollars)
Oklahoma,91,75,88,89,92,90,93,96,98,101,103,8,Medicaid/Durable Medical Products (Millions of Dollars)
Oregon,50,56,59,66,106,120,122,121,133,141,153,8,Medicaid/Durable Medical Products (Millions of Dollars)
Pennsylvania,161,165,177,195,203,237,271,252,296,328,345,8,Medicaid/Durable Medical Products (Millions of Dollars)
Rhode Island,10,11,12,12,15,15,16,16,16,17,17,8,Medicaid/Durable Medical Products (Millions of Dollars)
South Carolina,102,71,67,69,76,82,85,87,90,92,94,8,Medicaid/Durable Medical Products (Millions of Dollars)
South Dakota,14,14,15,16,16,16,17,17,18,18,19,8,Medicaid/Durable Medical Products (Millions of Dollars)
Tennessee,34,37,38,40,38,41,42,43,44,46,47,8,Medicaid/Durable Medical Products (Millions of Dollars)
Texas,402,435,452,480,523,582,601,618,637,655,669,8,Medicaid/Durable Medical Products (Millions of Dollars)
Utah,28,30,32,35,34,34,35,36,37,38,39,8,Medicaid/Durable Medical Products (Millions of Dollars)
Vermont,11,11,12,14,15,15,15,14,15,15,15,8,Medicaid/Durable Medical Products (Millions of Dollars)
Virginia,127,77,76,85,86,88,91,93,96,99,101,8,Medicaid/Durable Medical Products (Millions of Dollars)
Washington,115,119,125,129,159,172,178,183,188,194,198,8,Medicaid/Durable Medical Products (Millions of Dollars)
West Virginia,26,31,33,35,37,39,40,41,42,44,45,8,Medicaid/Durable Medical Products (Millions of Dollars)
Wisconsin,50,60,62,64,74,77,79,81,84,86,88,8,Medicaid/Durable Medical Products (Millions of Dollars)
Wyoming,9,10,11,11,11,11,12,12,13,13,13,8,Medicaid/Durable Medical Products (Millions of Dollars)
Alabama,816,851,853,835,854,864,862,839,858,893,937,9,Medicaid/Nursing Home Care (Millions of Dollars)
Alaska,87,30,33,22,40,40,32,44,39,59,61,9,Medicaid/Nursing Home Care (Millions of Dollars)
Arizona,353,729,641,653,662,717,654,654,672,732,815,9,Medicaid/Nursing Home Care (Millions of Dollars)
Arkansas,529,567,585,570,586,575,611,605,584,610,619,9,Medicaid/Nursing Home Care (Millions of Dollars)
California,4062,4158,4158,4082,4126,4320,4413,4405,4087,4275,4707,9,Medicaid/Nursing Home Care (Millions of Dollars)
Colorado,515,508,559,564,583,617,655,659,715,725,698,9,Medicaid/Nursing Home Care (Millions of Dollars)
Connecticut,1207,1158,1205,1191,1167,1126,1157,1120,1149,1163,1010,9,Medicaid/Nursing Home Care (Millions of Dollars)
Delaware,174,161,165,157,162,176,204,224,231,245,251,9,Medicaid/Nursing Home Care (Millions of Dollars)
District of Columbia,167,198,162,173,186,167,175,177,179,217,224,9,Medicaid/Nursing Home Care (Millions of Dollars)
Florida,2724,2751,2721,2627,2664,2852,3087,3261,3225,3081,3115,9,Medicaid/Nursing Home Care (Millions of Dollars)
Georgia,1132,973,1104,1084,1075,1096,1110,1169,1271,1281,1288,9,Medicaid/Nursing Home Care (Millions of Dollars)
Hawaii,254,228,242,227,246,251,288,307,318,321,335,9,Medicaid/Nursing Home Care (Millions of Dollars)
Idaho,107,141,206,190,148,200,166,175,180,144,153,9,Medicaid/Nursing Home Care (Millions of Dollars)
Illinois,1593,1264,1707,1591,1417,1449,1487,1517,1567,1440,1741,9,Medicaid/Nursing Home Care (Millions of Dollars)
Indiana,1086,1208,1359,1633,1936,1865,2175,2250,2302,2460,2532,9,Medicaid/Nursing Home Care (Millions of Dollars)
Iowa,328,338,366,360,394,392,415,363,383,428,457,9,Medicaid/Nursing Home Care (Millions of Dollars)
Kansas,237,306,284,240,310,338,378,392,412,443,441,9,Medicaid/Nursing Home Care (Millions of Dollars)
Kentucky,717,734,735,728,795,817,822,837,842,861,891,9,Medicaid/Nursing Home Care (Millions of Dollars)
Louisiana,735,721,737,747,802,816,835,850,855,880,905,9,Medicaid/Nursing Home Care (Millions of Dollars)
Maine,177,176,179,201,202,219,246,234,248,241,261,9,Medicaid/Nursing Home Care (Millions of Dollars)
Maryland,1000,1028,1092,1090,1126,1130,1135,1150,1172,1196,1157,9,Medicaid/Nursing Home Care (Millions of Dollars)
Massachusetts,1495,1501,1529,1657,1599,1519,1455,1418,1369,1324,1503,9,Medicaid/Nursing Home Care (Millions of Dollars)
Michigan,1645,1605,1659,1655,1706,1639,1670,1699,1862,1966,1856,9,Medicaid/Nursing Home Care (Millions of Dollars)
Minnesota,665,665,670,716,730,707,779,756,1120,989,973,9,Medicaid/Nursing Home Care (Millions of Dollars)
Mississippi,559,562,525,556,501,498,490,495,510,508,504,9,Medicaid/Nursing Home Care (Millions of Dollars)
Missouri,775,774,832,850,940,936,965,969,897,1022,971,9,Medicaid/Nursing Home Care (Millions of Dollars)
Montana,88,79,84,85,86,85,88,89,88,82,82,9,Medicaid/Nursing Home Care (Millions of Dollars)
Nebraska,213,215,223,226,223,225,219,248,237,240,252,9,Medicaid/Nursing Home Care (Millions of Dollars)
Nevada,163,167,178,182,196,199,210,235,263,275,309,9,Medicaid/Nursing Home Care (Millions of Dollars)
New Hampshire,256,253,259,249,301,284,278,283,321,341,339,9,Medicaid/Nursing Home Care (Millions of Dollars)
New Jersey,1846,1879,1710,1742,1754,1719,1700,1649,1674,1605,1523,9,Medicaid/Nursing Home Care (Millions of Dollars)
New Mexico,159,158,160,163,176,206,203,230,234,246,248,9,Medicaid/Nursing Home Care (Millions of Dollars)
New York,6148,7235,6485,6297,6259,6341,6600,6424,5790,5693,5737,9,Medicaid/Nursing Home Care (Millions of Dollars)
North Carolina,1116,1119,1109,1105,1101,1106,1191,1128,1227,1307,1689,9,Medicaid/Nursing Home Care (Millions of Dollars)
North Dakota,98,108,103,109,107,110,119,119,114,116,112,9,Medicaid/Nursing Home Care (Millions of Dollars)
Ohio,2510,2384,2290,2290,2197,2348,2227,2232,2272,2274,2420,9,Medicaid/Nursing Home Care (Millions of Dollars)
Oklahoma,411,411,420,474,480,454,434,411,399,399,444,9,Medicaid/Nursing Home Care (Millions of Dollars)
Oregon,293,305,288,310,343,350,375,363,381,395,414,9,Medicaid/Nursing Home Care (Millions of Dollars)
Pennsylvania,3351,3453,3393,3507,3821,3640,3479,3799,3539,3224,2843,9,Medicaid/Nursing Home Care (Millions of Dollars)
Rhode Island,300,301,320,325,334,330,327,330,373,402,403,9,Medicaid/Nursing Home Care (Millions of Dollars)
South Carolina,505,479,503,495,543,535,573,569,605,649,677,9,Medicaid/Nursing Home Care (Millions of Dollars)
South Dakota,86,83,78,76,72,75,73,78,74,71,78,9,Medicaid/Nursing Home Care (Millions of Dollars)
Tennessee,839,849,876,889,920,1002,965,998,1110,1235,1188,9,Medicaid/Nursing Home Care (Millions of Dollars)
Texas,2121,2121,2185,2191,2339,2370,2288,2488,2669,2850,2647,9,Medicaid/Nursing Home Care (Millions of Dollars)
Utah,139,148,154,151,167,173,202,242,241,279,297,9,Medicaid/Nursing Home Care (Millions of Dollars)
Vermont,85,84,87,87,90,89,90,90,94,107,111,9,Medicaid/Nursing Home Care (Millions of Dollars)
Virginia,746,754,757,803,779,773,801,746,762,860,925,9,Medicaid/Nursing Home Care (Millions of Dollars)
Washington,534,531,541,539,566,548,549,554,565,618,732,9,Medicaid/Nursing Home Care (Millions of Dollars)
West Virginia,372,398,408,408,435,473,494,495,513,533,566,9,Medicaid/Nursing Home Care (Millions of Dollars)
Wisconsin,770,745,739,941,933,925,845,871,835,813,716,9,Medicaid/Nursing Home Care (Millions of Dollars)
Wyoming,48,54,68,64,64,69,76,74,67,69,72,9,Medicaid/Nursing Home Care (Millions of Dollars)
Alabama,595,707,658,647,674,722,719,698,675,689,700,10,"Medicaid/Other Health, Residential, and Personal Care (Millions of Dollars)"
Alaska,253,272,304,330,318,337,370,376,384,435,367,10,"Medicaid/Other Health, Residential, and Personal Care (Millions of Dollars)"
Arizona,1427,753,729,743,1027,1209,1247,1471,1400,1644,1845,10,"Medicaid/Other Health, Residential, and Personal Care (Millions of Dollars)"
Arkansas,891,955,1006,1096,1290,1273,1347,1359,1292,937,737,10,"Medicaid/Other Health, Residential, and Personal Care (Millions of Dollars)"
California,6043,6907,11161,12821,13440,14950,16791,17548,16661,18348,23770,10,"Medicaid/Other Health, Residential, and Personal Care (Millions of Dollars)"
Colorado,677,703,808,785,710,783,864,818,965,1081,984,10,"Medicaid/Other Health, Residential, and Personal Care (Millions of Dollars)"
Connecticut,1436,1308,1560,1602,1659,2016,2079,2203,2337,2232,2205,10,"Medicaid/Other Health, Residential, and Personal Care (Millions of Dollars)"
Delaware,229,255,262,268,262,246,248,310,309,355,380,10,"Medicaid/Other Health, Residential, and Personal Care (Millions of Dollars)"
District of Columbia,349,391,341,346,341,408,484,527,530,545,657,10,"Medicaid/Other Health, Residential, and Personal Care (Millions of Dollars)"
Florida,2236,2125,2067,2131,2145,2172,2456,2884,2781,2727,3034,10,"Medicaid/Other Health, Residential, and Personal Care (Millions of Dollars)"
Georgia,973,1007,1277,1388,1352,1415,1434,1559,1649,1769,1804,10,"Medicaid/Other Health, Residential, and Personal Care (Millions of Dollars)"
Hawaii,106,104,105,108,103,107,109,111,124,144,131,10,"Medicaid/Other Health, Residential, and Personal Care (Millions of Dollars)"
Idaho,529,265,335,390,429,477,491,513,559,588,603,10,"Medicaid/Other Health, Residential, and Personal Care (Millions of Dollars)"
Illinois,2780,2562,2745,3255,2981,3240,2858,2782,3020,2877,3434,10,"Medicaid/Other Health, Residential, and Personal Care (Millions of Dollars)"
Indiana,1022,1012,950,1046,1143,1391,1248,1327,1484,1573,1776,10,"Medicaid/Other Health, Residential, and Personal Care (Millions of Dollars)"
Iowa,984,985,1008,1106,1130,1169,843,540,733,717,656,10,"Medicaid/Other Health, Residential, and Personal Care (Millions of Dollars)"
Kansas,675,706,691,699,573,574,593,620,629,675,685,10,"Medicaid/Other Health, Residential, and Personal Care (Millions of Dollars)"
Kentucky,981,937,955,993,1282,1293,1246,1256,1236,1386,1416,10,"Medicaid/Other Health, Residential, and Personal Care (Millions of Dollars)"
Louisiana,1188,1047,1109,1107,1023,1017,1040,1084,1002,1240,1222,10,"Medicaid/Other Health, Residential, and Personal Care (Millions of Dollars)"
Maine,768,730,676,696,761,756,826,870,963,1063,1071,10,"Medicaid/Other Health, Residential, and Personal Care (Millions of Dollars)"
Maryland,1372,1304,1366,1474,1543,1836,1909,2119,2144,2163,2384,10,"Medicaid/Other Health, Residential, and Personal Care (Millions of Dollars)"
Massachusetts,2364,2282,2486,2588,2514,3081,3272,2936,3426,3428,3552,10,"Medicaid/Other Health, Residential, and Personal Care (Millions of Dollars)"
Michigan,870,914,1172,1281,1000,1153,1100,1007,1011,1102,1437,10,"Medicaid/Other Health, Residential, and Personal Care (Millions of Dollars)"
Minnesota,1910,1862,1904,2027,2224,2441,2647,3020,2879,3171,3462,10,"Medicaid/Other Health, Residential, and Personal Care (Millions of Dollars)"
Mississippi,843,879,900,866,956,908,899,924,940,964,968,10,"Medicaid/Other Health, Residential, and Personal Care (Millions of Dollars)"
Missouri,1105,1199,1297,1366,1393,1549,1735,1700,1587,1749,1716,10,"Medicaid/Other Health, Residential, and Personal Care (Millions of Dollars)"
Montana,236,234,262,272,300,357,373,405,377,393,371,10,"Medicaid/Other Health, Residential, and Personal Care (Millions of Dollars)"
Nebraska,406,371,401,407,399,451,492,443,529,544,610,10,"Medicaid/Other Health, Residential, and Personal Care (Millions of Dollars)"
Nevada,221,203,196,203,247,352,377,480,475,614,504,10,"Medicaid/Other Health, Residential, and Personal Care (Millions of Dollars)"
New Hampshire,299,299,393,465,400,423,458,490,464,482,532,10,"Medicaid/Other Health, Residential, and Personal Care (Millions of Dollars)"
New Jersey,1862,2124,1944,1706,2225,2097,2271,2171,2318,2708,2917,10,"Medicaid/Other Health, Residential, and Personal Care (Millions of Dollars)"
New Mexico,485,421,426,449,467,522,547,576,592,638,711,10,"Medicaid/Other Health, Residential, and Personal Care (Millions of Dollars)"
New York,11173,11936,10920,10668,11343,13138,14946,17734,18544,17763,19674,10,"Medicaid/Other Health, Residential, and Personal Care (Millions of Dollars)"
North Carolina,2401,2250,1955,1233,1337,1261,1138,1238,1132,1209,1328,10,"Medicaid/Other Health, Residential, and Personal Care (Millions of Dollars)"
North Dakota,227,246,255,271,297,310,327,316,321,336,368,10,"Medicaid/Other Health, Residential, and Personal Care (Millions of Dollars)"
Ohio,2801,2693,2961,3211,3988,4702,5083,5205,4902,4606,4995,10,"Medicaid/Other Health, Residential, and Personal Care (Millions of Dollars)"
Oklahoma,717,707,693,718,736,750,753,737,720,856,796,10,"Medicaid/Other Health, Residential, and Personal Care (Millions of Dollars)"
Oregon,1289,1353,1299,1697,2053,2032,2153,2196,2305,2501,2705,10,"Medicaid/Other Health, Residential, and Personal Care (Millions of Dollars)"
Pennsylvania,3390,3559,3685,3752,4267,4722,5321,6379,7321,6491,5182,10,"Medicaid/Other Health, Residential, and Personal Care (Millions of Dollars)"
Rhode Island,558,539,523,537,515,517,423,437,464,382,455,10,"Medicaid/Other Health, Residential, and Personal Care (Millions of Dollars)"
South Carolina,735,707,732,679,751,854,925,889,948,991,938,10,"Medicaid/Other Health, Residential, and Personal Care (Millions of Dollars)"
South Dakota,169,166,172,177,182,188,192,201,209,222,232,10,"Medicaid/Other Health, Residential, and Personal Care (Millions of Dollars)"
Tennessee,991,1001,1031,1084,1067,1086,1098,1163,1315,1328,1206,10,"Medicaid/Other Health, Residential, and Personal Care (Millions of Dollars)"
Texas,3726,3924,4003,4777,5384,6716,7440,7606,7923,7297,7755,10,"Medicaid/Other Health, Residential, and Personal Care (Millions of Dollars)"
Utah,277,303,297,331,321,375,426,431,491,531,584,10,"Medicaid/Other Health, Residential, and Personal Care (Millions of Dollars)"
Vermont,376,380,414,471,486,513,498,478,495,493,496,10,"Medicaid/Other Health, Residential, and Personal Care (Millions of Dollars)"
Virginia,1866,2102,2165,2308,2313,2498,2692,2756,2553,2380,2437,10,"Medicaid/Other Health, Residential, and Personal Care (Millions of Dollars)"
Washington,1373,1267,1459,1721,1487,1855,2301,2566,3126,3315,3832,10,"Medicaid/Other Health, Residential, and Personal Care (Millions of Dollars)"
West Virginia,542,577,664,664,682,650,578,603,578,647,608,10,"Medicaid/Other Health, Residential, and Personal Care (Millions of Dollars)"
Wisconsin,823,1026,1011,1029,1149,1048,990,1082,1206,1307,1466,10,"Medicaid/Other Health, Residential, and Personal Care (Millions of Dollars)"
Wyoming,139,146,141,142,134,135,140,146,152,161,171,10,"Medicaid/Other Health, Residential, and Personal Care (Millions of Dollars)"
